{
  "name": "serialize-object",
  "title": "jQuery.serializeObject",
  "description": "Serialize a form into an object or JSON.",
  "version": "2.4.5",
  "author": {
    "name": "Paul Macek",
    "emali": "paulmacek@gmail.com",
    "url": "https://github.com/macek"
  },
  "dependencies": {
    "jquery": "^1.11.1"
  },
  "licenses": [
    {
      "type": "BSD-3-Clause",
      "url": "http://opensource.org/licenses/BSD-3-Clause"
    }
  ],
  "keywords": [
    "form",
    "serialize",
    "serializeObject",
    "serializeJSON",
    "json"
  ],
  "bugs": "https://github.com/macek/jquery-serialize-object/issues",
  "homepage": "https://github.com/macek/jquery-serialize-object",
  "docs": "https://github.com/macek/jquery-serialize-object/blob/master/README.md",
  "download": "https://github.com/macek/jquery-serialize-object/releases/tag/2.4.5"
}
